{
  "method": "Subject-Conditioned Meta-Learning",
  "dataset_root": "/kaggle/input/inria-bci-challenge/inria-bci-challenge",
  "k_shots": [
    5,
    10,
    20,
    50
  ],
  "random_seed": 123,
  "n_meta_iterations": 500,
  "subject_embed_dim": 32,
  "encoder_hidden": 64,
  "encoder_output": 32,
  "inner_lr": 0.01,
  "outer_lr": 0.0003,
  "inner_steps": 5,
  "adapt_encoder": false,
  "meta_batch_size": 4,
  "n_support": 10,
  "n_query": 40,
  "device": "cuda",
  "innovation": "FiLM conditioning with learned subject embedding z_s"
}