Method,Subject,K,Accuracy,Correct,Total
MAML-Encoder (ANIL),S02,5,0.5691823959350586,181,318
MAML-Encoder (ANIL),S02,10,0.5463258624076843,171,313
MAML-Encoder (ANIL),S02,20,0.5610561370849609,170,303
MAML-Encoder (ANIL),S02,50,0.5641025900840759,154,273
MAML-Encoder (ANIL),S06,5,0.9370861053466797,283,302
MAML-Encoder (ANIL),S06,10,0.939393937587738,279,297
MAML-Encoder (ANIL),S06,20,0.9372822642326355,269,287
MAML-Encoder (ANIL),S06,50,0.9260700345039368,238,257
MAML-Encoder (ANIL),S07,5,0.8818897604942322,224,254
MAML-Encoder (ANIL),S07,10,0.8875501751899719,221,249
MAML-Encoder (ANIL),S07,20,0.8828451633453369,211,239
MAML-Encoder (ANIL),S07,50,0.8851674199104309,185,209
MAML-Encoder (ANIL),S11,5,0.33647796511650085,107,318
MAML-Encoder (ANIL),S11,10,0.3354632556438446,105,313
MAML-Encoder (ANIL),S11,20,0.3333333432674408,101,303
MAML-Encoder (ANIL),S11,50,0.35164836049079895,96,273
MAML-Encoder (ANIL),S12,5,0.516853928565979,92,178
MAML-Encoder (ANIL),S12,10,0.5086705088615417,88,173
MAML-Encoder (ANIL),S12,20,0.5092024207115173,83,163
MAML-Encoder (ANIL),S12,50,0.5112782120704651,68,133
MAML-Encoder (ANIL),S13,5,0.5094937086105347,161,316
MAML-Encoder (ANIL),S13,10,0.5369774699211121,167,311
MAML-Encoder (ANIL),S13,20,0.5382059812545776,162,301
MAML-Encoder (ANIL),S13,50,0.5424354076385498,147,271
MAML-Encoder (ANIL),S14,5,0.6226415038108826,198,318
MAML-Encoder (ANIL),S14,10,0.6261980533599854,196,313
MAML-Encoder (ANIL),S14,20,0.617161750793457,187,303
MAML-Encoder (ANIL),S14,50,0.6300366520881653,172,273
MAML-Encoder (ANIL),S16,5,0.5864406824111938,173,295
MAML-Encoder (ANIL),S16,10,0.5793103575706482,168,290
MAML-Encoder (ANIL),S16,20,0.5857142806053162,164,280
MAML-Encoder (ANIL),S16,50,0.5920000076293945,148,250
MAML-Encoder (ANIL),S17,5,0.654088020324707,208,318
MAML-Encoder (ANIL),S17,10,0.6517571806907654,204,313
MAML-Encoder (ANIL),S17,20,0.6501650214195251,197,303
MAML-Encoder (ANIL),S17,50,0.6666666865348816,182,273
MAML-Encoder (ANIL),S18,5,0.4516128897666931,126,279
MAML-Encoder (ANIL),S18,10,0.44525545835494995,122,274
MAML-Encoder (ANIL),S18,20,0.39772728085517883,105,264
MAML-Encoder (ANIL),S18,50,0.4273504614830017,100,234
MAML-Encoder (ANIL),S20,5,0.7020202279090881,139,198
MAML-Encoder (ANIL),S20,10,0.7046632170677185,136,193
MAML-Encoder (ANIL),S20,20,0.6939890384674072,127,183
MAML-Encoder (ANIL),S20,50,0.6928104758262634,106,153
MAML-Encoder (ANIL),S21,5,0.918367326259613,90,98
MAML-Encoder (ANIL),S21,10,0.9139785170555115,85,93
MAML-Encoder (ANIL),S21,20,0.8915662169456482,74,83
MAML-Encoder (ANIL),S21,50,0.9056603908538818,48,53
MAML-Encoder (ANIL),S22,5,0.6220472455024719,79,127
MAML-Encoder (ANIL),S22,10,0.737704873085022,90,122
MAML-Encoder (ANIL),S22,20,0.7142857313156128,80,112
MAML-Encoder (ANIL),S22,50,0.7439023852348328,61,82
MAML-Encoder (ANIL),S23,5,0.349056601524353,111,318
MAML-Encoder (ANIL),S23,10,0.36102235317230225,113,313
MAML-Encoder (ANIL),S23,20,0.3531353175640106,107,303
MAML-Encoder (ANIL),S23,50,0.3369963467121124,92,273
MAML-Encoder (ANIL),S24,5,0.5943396091461182,189,318
MAML-Encoder (ANIL),S24,10,0.5239616632461548,164,313
MAML-Encoder (ANIL),S24,20,0.5874587893486023,178,303
MAML-Encoder (ANIL),S24,50,0.5750916004180908,157,273
MAML-Encoder (ANIL),S26,5,0.46226412057876587,147,318
MAML-Encoder (ANIL),S26,10,0.4728434383869171,148,313
MAML-Encoder (ANIL),S26,20,0.47194722294807434,143,303
MAML-Encoder (ANIL),S26,50,0.4615384638309479,126,273
MAML-Encoder (Full-MAML),S02,5,0.5817610025405884,185,318
MAML-Encoder (Full-MAML),S02,10,0.5367411971092224,168,313
MAML-Encoder (Full-MAML),S02,20,0.5676567554473877,172,303
MAML-Encoder (Full-MAML),S02,50,0.5750916004180908,157,273
MAML-Encoder (Full-MAML),S06,5,0.9370861053466797,283,302
MAML-Encoder (Full-MAML),S06,10,0.939393937587738,279,297
MAML-Encoder (Full-MAML),S06,20,0.9372822642326355,269,287
MAML-Encoder (Full-MAML),S06,50,0.9260700345039368,238,257
MAML-Encoder (Full-MAML),S07,5,0.8818897604942322,224,254
MAML-Encoder (Full-MAML),S07,10,0.8875501751899719,221,249
MAML-Encoder (Full-MAML),S07,20,0.8828451633453369,211,239
MAML-Encoder (Full-MAML),S07,50,0.8851674199104309,185,209
MAML-Encoder (Full-MAML),S11,5,0.33647796511650085,107,318
MAML-Encoder (Full-MAML),S11,10,0.3386581540107727,106,313
MAML-Encoder (Full-MAML),S11,20,0.33663368225097656,102,303
MAML-Encoder (Full-MAML),S11,50,0.36263737082481384,99,273
MAML-Encoder (Full-MAML),S12,5,0.516853928565979,92,178
MAML-Encoder (Full-MAML),S12,10,0.5144508481025696,89,173
MAML-Encoder (Full-MAML),S12,20,0.5092024207115173,83,163
MAML-Encoder (Full-MAML),S12,50,0.5112782120704651,68,133
MAML-Encoder (Full-MAML),S13,5,0.5,158,316
MAML-Encoder (Full-MAML),S13,10,0.5337620377540588,166,311
MAML-Encoder (Full-MAML),S13,20,0.5282391905784607,159,301
MAML-Encoder (Full-MAML),S13,50,0.5461254715919495,148,271
MAML-Encoder (Full-MAML),S14,5,0.6194968223571777,197,318
MAML-Encoder (Full-MAML),S14,10,0.6198083162307739,194,313
MAML-Encoder (Full-MAML),S14,20,0.6204620599746704,188,303
MAML-Encoder (Full-MAML),S14,50,0.6300366520881653,172,273
MAML-Encoder (Full-MAML),S16,5,0.5830508470535278,172,295
MAML-Encoder (Full-MAML),S16,10,0.5793103575706482,168,290
MAML-Encoder (Full-MAML),S16,20,0.5857142806053162,164,280
MAML-Encoder (Full-MAML),S16,50,0.5920000076293945,148,250
MAML-Encoder (Full-MAML),S17,5,0.654088020324707,208,318
MAML-Encoder (Full-MAML),S17,10,0.6549520492553711,205,313
MAML-Encoder (Full-MAML),S17,20,0.6501650214195251,197,303
MAML-Encoder (Full-MAML),S17,50,0.6666666865348816,182,273
MAML-Encoder (Full-MAML),S18,5,0.48028674721717834,134,279
MAML-Encoder (Full-MAML),S18,10,0.45985400676727295,126,274
MAML-Encoder (Full-MAML),S18,20,0.405303031206131,107,264
MAML-Encoder (Full-MAML),S18,50,0.4401709735393524,103,234
MAML-Encoder (Full-MAML),S20,5,0.6969696879386902,138,198
MAML-Encoder (Full-MAML),S20,10,0.7046632170677185,136,193
MAML-Encoder (Full-MAML),S20,20,0.6885245442390442,126,183
MAML-Encoder (Full-MAML),S20,50,0.686274528503418,105,153
MAML-Encoder (Full-MAML),S21,5,0.918367326259613,90,98
MAML-Encoder (Full-MAML),S21,10,0.9139785170555115,85,93
MAML-Encoder (Full-MAML),S21,20,0.8915662169456482,74,83
MAML-Encoder (Full-MAML),S21,50,0.9056603908538818,48,53
MAML-Encoder (Full-MAML),S22,5,0.6456692814826965,82,127
MAML-Encoder (Full-MAML),S22,10,0.7868852019309998,96,122
MAML-Encoder (Full-MAML),S22,20,0.7500000596046448,84,112
MAML-Encoder (Full-MAML),S22,50,0.7926828861236572,65,82
MAML-Encoder (Full-MAML),S23,5,0.3553459048271179,113,318
MAML-Encoder (Full-MAML),S23,10,0.3801916837692261,119,313
MAML-Encoder (Full-MAML),S23,20,0.3531353175640106,107,303
MAML-Encoder (Full-MAML),S23,50,0.3369963467121124,92,273
MAML-Encoder (Full-MAML),S24,5,0.6163522005081177,196,318
MAML-Encoder (Full-MAML),S24,10,0.5175718665122986,162,313
MAML-Encoder (Full-MAML),S24,20,0.6270627379417419,190,303
MAML-Encoder (Full-MAML),S24,50,0.5787546038627625,158,273
MAML-Encoder (Full-MAML),S26,5,0.4654088020324707,148,318
MAML-Encoder (Full-MAML),S26,10,0.4792332053184509,150,313
MAML-Encoder (Full-MAML),S26,20,0.4752475321292877,144,303
MAML-Encoder (Full-MAML),S26,50,0.4542124569416046,124,273
Supervised,S02,5,0.6635220125786163,211,318
Supervised,S02,10,0.6996805111821086,219,313
Supervised,S02,20,0.7062706270627063,214,303
Supervised,S02,50,0.6996336996336996,191,273
Supervised,S06,5,0.6589403973509934,199,302
Supervised,S06,10,0.8148148148148148,242,297
Supervised,S06,20,0.8989547038327527,258,287
Supervised,S06,50,0.9299610894941635,239,257
Supervised,S07,5,0.6732283464566929,171,254
Supervised,S07,10,0.7349397590361446,183,249
Supervised,S07,20,0.7656903765690377,183,239
Supervised,S07,50,0.7990430622009569,167,209
Supervised,S11,5,0.6635220125786163,211,318
Supervised,S11,10,0.6293929712460063,197,313
Supervised,S11,20,0.6204620462046204,188,303
Supervised,S11,50,0.5970695970695971,163,273
Supervised,S12,5,0.5112359550561798,91,178
Supervised,S12,10,0.5144508670520231,89,173
Supervised,S12,20,0.5030674846625767,82,163
Supervised,S12,50,0.42105263157894735,56,133
Supervised,S13,5,0.509493670886076,161,316
Supervised,S13,10,0.5498392282958199,171,311
Supervised,S13,20,0.5182724252491694,156,301
Supervised,S13,50,0.5313653136531366,144,271
Supervised,S14,5,0.4779874213836478,152,318
Supervised,S14,10,0.5591054313099042,175,313
Supervised,S14,20,0.5247524752475248,159,303
Supervised,S14,50,0.5201465201465202,142,273
Supervised,S16,5,0.5661016949152542,167,295
Supervised,S16,10,0.5896551724137931,171,290
Supervised,S16,20,0.5607142857142857,157,280
Supervised,S16,50,0.552,138,250
Supervised,S17,5,0.5691823899371069,181,318
Supervised,S17,10,0.5750798722044729,180,313
Supervised,S17,20,0.6204620462046204,188,303
Supervised,S17,50,0.5970695970695971,163,273
Supervised,S18,5,0.7275985663082437,203,279
Supervised,S18,10,0.6532846715328468,179,274
Supervised,S18,20,0.6704545454545454,177,264
Supervised,S18,50,0.6239316239316239,146,234
Supervised,S20,5,0.6919191919191919,137,198
Supervised,S20,10,0.6839378238341969,132,193
Supervised,S20,20,0.6557377049180327,120,183
Supervised,S20,50,0.6078431372549019,93,153
Supervised,S21,5,0.9081632653061225,89,98
Supervised,S21,10,0.9032258064516129,84,93
Supervised,S21,20,0.8674698795180723,72,83
Supervised,S21,50,0.8490566037735849,45,53
Supervised,S22,5,0.8503937007874016,108,127
Supervised,S22,10,0.7950819672131147,97,122
Supervised,S22,20,0.8214285714285714,92,112
Supervised,S22,50,0.8048780487804879,66,82
Supervised,S23,5,0.6383647798742138,203,318
Supervised,S23,10,0.5271565495207667,165,313
Supervised,S23,20,0.4884488448844885,148,303
Supervised,S23,50,0.5311355311355311,145,273
Supervised,S24,5,0.7044025157232704,224,318
Supervised,S24,10,0.6996805111821086,219,313
Supervised,S24,20,0.66996699669967,203,303
Supervised,S24,50,0.6446886446886447,176,273
Supervised,S26,5,0.4779874213836478,152,318
Supervised,S26,10,0.5047923322683706,158,313
Supervised,S26,20,0.46204620462046203,140,303
Supervised,S26,50,0.46886446886446886,128,273
Single-Subject PPO,S02,5,0.6289308176100629,200,318
Single-Subject PPO,S02,10,0.6325878594249201,198,313
Single-Subject PPO,S02,20,0.6303630363036303,191,303
Single-Subject PPO,S02,50,0.6227106227106227,170,273
Single-Subject PPO,S06,5,0.7450331125827815,225,302
Single-Subject PPO,S06,10,0.9393939393939394,279,297
Single-Subject PPO,S06,20,0.9372822299651568,269,287
Single-Subject PPO,S06,50,0.9299610894941635,239,257
Single-Subject PPO,S07,5,0.7086614173228346,180,254
Single-Subject PPO,S07,10,0.8875502008032129,221,249
Single-Subject PPO,S07,20,0.8828451882845189,211,239
Single-Subject PPO,S07,50,0.8755980861244019,183,209
Single-Subject PPO,S11,5,0.6635220125786163,211,318
Single-Subject PPO,S11,10,0.6645367412140575,208,313
Single-Subject PPO,S11,20,0.6600660066006601,200,303
Single-Subject PPO,S11,50,0.652014652014652,178,273
Single-Subject PPO,S12,5,0.5,89,178
Single-Subject PPO,S12,10,0.5144508670520231,89,173
Single-Subject PPO,S12,20,0.49693251533742333,81,163
Single-Subject PPO,S12,50,0.47368421052631576,63,133
Single-Subject PPO,S13,5,0.5189873417721519,164,316
Single-Subject PPO,S13,10,0.5305466237942122,165,311
Single-Subject PPO,S13,20,0.5282392026578073,159,301
Single-Subject PPO,S13,50,0.4944649446494465,134,271
Single-Subject PPO,S14,5,0.5188679245283019,165,318
Single-Subject PPO,S14,10,0.6134185303514377,192,313
Single-Subject PPO,S14,20,0.6303630363036303,191,303
Single-Subject PPO,S14,50,0.6153846153846154,168,273
Single-Subject PPO,S16,5,0.5864406779661017,173,295
Single-Subject PPO,S16,10,0.593103448275862,172,290
Single-Subject PPO,S16,20,0.5821428571428572,163,280
Single-Subject PPO,S16,50,0.572,143,250
Single-Subject PPO,S17,5,0.6477987421383647,206,318
Single-Subject PPO,S17,10,0.6485623003194888,203,313
Single-Subject PPO,S17,20,0.636963696369637,193,303
Single-Subject PPO,S17,50,0.608058608058608,166,273
Single-Subject PPO,S18,5,0.7275985663082437,203,279
Single-Subject PPO,S18,10,0.7262773722627737,199,274
Single-Subject PPO,S18,20,0.7196969696969697,190,264
Single-Subject PPO,S18,50,0.7136752136752137,167,234
Single-Subject PPO,S20,5,0.6919191919191919,137,198
Single-Subject PPO,S20,10,0.6839378238341969,132,193
Single-Subject PPO,S20,20,0.6721311475409836,123,183
Single-Subject PPO,S20,50,0.6601307189542484,101,153
Single-Subject PPO,S21,5,0.9081632653061225,89,98
Single-Subject PPO,S21,10,0.9032258064516129,84,93
Single-Subject PPO,S21,20,0.9036144578313253,75,83
Single-Subject PPO,S21,50,0.8490566037735849,45,53
Single-Subject PPO,S22,5,0.8503937007874016,108,127
Single-Subject PPO,S22,10,0.8524590163934426,104,122
Single-Subject PPO,S22,20,0.8392857142857143,94,112
Single-Subject PPO,S22,50,0.8658536585365854,71,82
Single-Subject PPO,S23,5,0.6352201257861635,202,318
Single-Subject PPO,S23,10,0.5718849840255591,179,313
Single-Subject PPO,S23,20,0.5808580858085809,176,303
Single-Subject PPO,S23,50,0.6336996336996337,173,273
Single-Subject PPO,S24,5,0.7044025157232704,224,318
Single-Subject PPO,S24,10,0.6996805111821086,219,313
Single-Subject PPO,S24,20,0.6963696369636964,211,303
Single-Subject PPO,S24,50,0.6776556776556777,185,273
Single-Subject PPO,S26,5,0.4937106918238994,157,318
Single-Subject PPO,S26,10,0.4728434504792332,148,313
Single-Subject PPO,S26,20,0.5181518151815182,157,303
Single-Subject PPO,S26,50,0.5054945054945055,138,273
Pooled PPO + Finetune,S02,5,0.6415094339622641,204,318
Pooled PPO + Finetune,S02,10,0.6421725239616614,201,313
Pooled PPO + Finetune,S02,20,0.6336633663366337,192,303
Pooled PPO + Finetune,S02,50,0.6117216117216118,167,273
Pooled PPO + Finetune,S06,5,0.9403973509933775,284,302
Pooled PPO + Finetune,S06,10,0.9393939393939394,279,297
Pooled PPO + Finetune,S06,20,0.9372822299651568,269,287
Pooled PPO + Finetune,S06,50,0.9299610894941635,239,257
Pooled PPO + Finetune,S07,5,0.8858267716535433,225,254
Pooled PPO + Finetune,S07,10,0.8875502008032129,221,249
Pooled PPO + Finetune,S07,20,0.8828451882845189,211,239
Pooled PPO + Finetune,S07,50,0.8755980861244019,183,209
Pooled PPO + Finetune,S11,5,0.6635220125786163,211,318
Pooled PPO + Finetune,S11,10,0.6645367412140575,208,313
Pooled PPO + Finetune,S11,20,0.6600660066006601,200,303
Pooled PPO + Finetune,S11,50,0.652014652014652,178,273
Pooled PPO + Finetune,S12,5,0.5168539325842697,92,178
Pooled PPO + Finetune,S12,10,0.5086705202312138,88,173
Pooled PPO + Finetune,S12,20,0.49693251533742333,81,163
Pooled PPO + Finetune,S12,50,0.47368421052631576,63,133
Pooled PPO + Finetune,S13,5,0.5158227848101266,163,316
Pooled PPO + Finetune,S13,10,0.5112540192926045,159,311
Pooled PPO + Finetune,S13,20,0.5083056478405316,153,301
Pooled PPO + Finetune,S13,50,0.4907749077490775,133,271
Pooled PPO + Finetune,S14,5,0.6352201257861635,202,318
Pooled PPO + Finetune,S14,10,0.6293929712460063,197,313
Pooled PPO + Finetune,S14,20,0.6303630363036303,191,303
Pooled PPO + Finetune,S14,50,0.6410256410256411,175,273
Pooled PPO + Finetune,S16,5,0.5966101694915255,176,295
Pooled PPO + Finetune,S16,10,0.593103448275862,172,290
Pooled PPO + Finetune,S16,20,0.5821428571428572,163,280
Pooled PPO + Finetune,S16,50,0.572,143,250
Pooled PPO + Finetune,S17,5,0.6540880503144654,208,318
Pooled PPO + Finetune,S17,10,0.6485623003194888,203,313
Pooled PPO + Finetune,S17,20,0.636963696369637,193,303
Pooled PPO + Finetune,S17,50,0.608058608058608,166,273
Pooled PPO + Finetune,S18,5,0.7275985663082437,203,279
Pooled PPO + Finetune,S18,10,0.7262773722627737,199,274
Pooled PPO + Finetune,S18,20,0.7196969696969697,190,264
Pooled PPO + Finetune,S18,50,0.7136752136752137,167,234
Pooled PPO + Finetune,S20,5,0.6919191919191919,137,198
Pooled PPO + Finetune,S20,10,0.6839378238341969,132,193
Pooled PPO + Finetune,S20,20,0.6721311475409836,123,183
Pooled PPO + Finetune,S20,50,0.6601307189542484,101,153
Pooled PPO + Finetune,S21,5,0.9081632653061225,89,98
Pooled PPO + Finetune,S21,10,0.9032258064516129,84,93
Pooled PPO + Finetune,S21,20,0.9036144578313253,75,83
Pooled PPO + Finetune,S21,50,0.8490566037735849,45,53
Pooled PPO + Finetune,S22,5,0.8503937007874016,108,127
Pooled PPO + Finetune,S22,10,0.8524590163934426,104,122
Pooled PPO + Finetune,S22,20,0.8392857142857143,94,112
Pooled PPO + Finetune,S22,50,0.8658536585365854,71,82
Pooled PPO + Finetune,S23,5,0.6383647798742138,203,318
Pooled PPO + Finetune,S23,10,0.6421725239616614,201,313
Pooled PPO + Finetune,S23,20,0.6468646864686468,196,303
Pooled PPO + Finetune,S23,50,0.6373626373626373,174,273
Pooled PPO + Finetune,S24,5,0.7044025157232704,224,318
Pooled PPO + Finetune,S24,10,0.6996805111821086,219,313
Pooled PPO + Finetune,S24,20,0.6963696369636964,211,303
Pooled PPO + Finetune,S24,50,0.6776556776556777,185,273
Pooled PPO + Finetune,S26,5,0.5345911949685535,170,318
Pooled PPO + Finetune,S26,10,0.536741214057508,168,313
Pooled PPO + Finetune,S26,20,0.5313531353135313,161,303
Pooled PPO + Finetune,S26,50,0.5347985347985348,146,273
