{
  "dataset_root": "/kaggle/input/inria-bci-challenge/inria-bci-challenge",
  "k_shots": [
    5,
    10,
    20,
    50
  ],
  "random_seed": 123,
  "n_meta_iterations": 500,
  "meta_batch_size": 4,
  "n_support": 10,
  "n_query": 40,
  "hidden_dim": 64,
  "inner_lr": 0.01,
  "outer_lr": 0.0003,
  "inner_steps": 1,
  "pca_variance": 0.95,
  "freq_bands": {
    "theta": [
      4,
      7
    ],
    "alpha": [
      8,
      12
    ],
    "beta": [
      13,
      30
    ]
  },
  "device": "cuda"
}